mu,X,Y
1.0,0.35,0.65
0.615848211066026,0.47,0.53
0.23357214690901212,0.26,0.74
0.14384498882876628,0.16,0.84
0.08858667904100823,0.17,0.83
0.012742749857031334,0.02,0.98
0.00042813323987193956,0.0,1.0
0.007847599703514606,0.02,0.98
0.0206913808111479,0.03,0.97
0.03359818286283781,0.02,0.98
0.05455594781168514,0.02,0.98
0.0011288378916846883,0.0,1.0
0.0001,0.0,1.0
0.0018329807108324356,0.0,1.0
0.00026366508987303583,0.0,1.0
0.0006951927961775605,0.0,1.0
0.0001623776739188721,0.0,1.0
0.004832930238571752,0.01,0.99
0.002976351441631319,0.0,1.0
0.3792690190732246,0.34,0.66
