fees,X,Y,Z,V,W
0.0,0.025210084033614688,0.050420168067229765,0.03361344537815361,0.0252100840336161,0.8655462184873859
0.05,0.01818181818181929,0.027272727272728507,0.018181818181818764,0.009090909090909432,0.9272727272727239
0.1,0.01818181818181929,0.027272727272728507,0.018181818181818764,0.009090909090909432,0.9272727272727239
0.15,0.01818181818181929,0.027272727272728507,0.018181818181818764,0.009090909090909432,0.9272727272727239
0.2,0.01818181818181929,0.027272727272728507,0.018181818181818764,0.009090909090909432,0.9272727272727239
0.25,0.01818181818181929,0.027272727272728507,0.018181818181818764,0.009090909090909432,0.9272727272727239
0.3,0.01818181818181929,0.027272727272728507,0.018181818181818764,0.009090909090909432,0.9272727272727239
0.35,0.0,0.0,0.0,1.0,0.0
0.4,0.0,0.0,0.0,1.0,0.0
0.45,0.0,0.0,0.0,1.0,0.0
0.5,0.0,0.0,0.0,1.0,0.0
0.55,0.0,0.0,0.0,1.0,0.0
0.6,0.0,0.0,0.0,1.0,0.0
0.65,0.0,0.0,0.0,1.0,0.0
0.7,0.0,0.0,0.0,1.0,0.0
0.75,0.0,0.0,0.0,1.0,0.0
0.8,0.0,0.0,0.0,1.0,0.0
0.85,0.0,0.0,0.0,1.0,0.0
0.9,0.0,0.0,0.0,1.0,0.0
0.95,0.0,0.0,0.0,1.0,0.0
